id,message,category
1,يرجى إخلاء المبنى على الفور بسبب حريق.,حريق
2,اندلع حريق في أحد المتاجر، يُرجى الابتعاد.,حريق
3,تحذير: هناك حريق في منطقة سكنية، يُرجى إخلاء المنازل المجاورة.,حريق
4,تم الإبلاغ عن حريق في الغابة المجاورة، يُرجى الابتعاد.,حريق
5,نيران مشتعلة في محطة الوقود، يُرجى الابتعاد فوراً.,حريق
6,تحذير: اشتعال نيران في مستودع تخزين، يُرجى الابتعاد.,حريق
7,اندلاع حريق كبير في مبنى تجاري، يُرجى الاتصال بالإطفاء.,حريق
8,حريق في منطقة المصانع، يُرجى الابتعاد حفاظًا على السلامة.,حريق
9,تم رصد دخان كثيف من إحدى الشقق، يُرجى الإخلاء فورًا.,حريق
10,اندلاع حريق داخل مستشفى، يُرجى التواصل مع فرق الطوارئ.,حريق
11,تحذير: حريق مشتعل في محطة الوقود، يُرجى المغادرة.,حريق
12,نيران مشتعلة في الطابق العلوي من المجمع السكني.,حريق
13,يرجى إخلاء المبنى على الفور بسبب حريق.,حريق
14,اندلاع حريق في محطة القطار، يُرجى الابتعاد عن الموقع.,حريق
15,تحذير: اشتعال في أحد الأسواق العامة، يُرجى الإخلاء.,حريق
16,تم تسجيل حريق في مطعم، يُرجى الاتصال بخدمات الطوارئ.,حريق
17,اندلاع حريق داخل فندق، يُرجى المغادرة فورًا.,حريق
18,نيران مشتعلة في مبنى البلدية، يُرجى إخلاء المبنى.,حريق
19,تحذير: اندلاع حريق في المركز التجاري، يُرجى المغادرة فورًا.,حريق
20,تم الإبلاغ عن حريق في قسم التخزين، يُرجى الابتعاد.,حريق
21,يرجى إخلاء المدرسة بسبب حريق محتمل.,حريق
22,نيران مشتعلة في الساحة الخلفية من المبنى، يُرجى الإخلاء.,حريق
23,تحذير: اندلاع حريق في المكتب، يُرجى الابتعاد فورًا.,حريق
24,تم تسجيل حريق في سوق، يُرجى توخي الحذر.,حريق
25,اندلاع حريق في موقف السيارات، يُرجى الابتعاد.,حريق
26,حريق في السقف العلوي لمجمع سكني، يُرجى الاتصال بالإطفاء.,حريق
27,يرجى الابتعاد عن المبنى، يوجد حريق في الطابق الأرضي.,حريق
28,اندلاع حريق في محطة مترو الأنفاق، يُرجى المغادرة فورًا.,حريق
29,تحذير: اشتعال نيران في مجمع سكني، يُرجى إخلاء المنازل.,حريق
30,تم رصد دخان كثيف من إحدى النوافذ، يُرجى إخلاء المبنى.,حريق
31,اندلاع حريق في منطقة سكنية، يُرجى إخلاء المنازل.,حريق
32,نيران مشتعلة في مستودع المواد الغذائية، يُرجى الابتعاد.,حريق
33,يرجى إخلاء المصنع على الفور بسبب حريق.,حريق
34,اندلاع حريق في أحد المستشفيات، يُرجى الابتعاد.,حريق
35,تحذير: حريق مشتعل في مركز تجاري، يُرجى المغادرة.,حريق
36,تم رصد حريق في مكتبة عامة، يُرجى الابتعاد فوراً.,حريق
37,اندلاع حريق في مبنى المكاتب، يُرجى الابتعاد.,حريق
38,نيران مشتعلة في الحديقة العامة، يُرجى تجنب المنطقة.,حريق
39,تحذير: اشتعال في مركز التسوق، يُرجى إخلاء المكان.,حريق
40,تم الإبلاغ عن حريق في مستودع كبير، يُرجى الابتعاد فوراً.,حريق
41,اندلاع حريق في ساحة المبنى، يُرجى الابتعاد فوراً.,حريق
42,يرجى إخلاء المجمع الصناعي على الفور بسبب حريق.,حريق
43,تحذير: حريق في الطابق السفلي من المبنى السكني.,حريق
44,اندلاع حريق في قسم التخزين، يُرجى الاتصال بالإطفاء.,حريق
45,تم الإبلاغ عن حريق في محطة الحافلات، يُرجى الابتعاد.,حريق
46,حريق في المركز الصحي، يُرجى الاتصال بخدمات الطوارئ.,حريق
47,اندلاع حريق في مطعم قريب، يُرجى الابتعاد.,حريق
48,تم رصد حريق في موقف سيارات متعدد الطوابق.,حريق
49,تحذير: اندلاع حريق في متجر، يُرجى إخلاء المكان.,حريق
50,نيران مشتعلة في مجمع سكني، يُرجى المغادرة فوراً.,حريق
51,هناك حالة طبية طارئة، يرجى الاتصال بالطبيب.,طبيب
52,عاجل: شخص يحتاج إلى إنعاش قلبي رئوي، الرجاء الإسراع.,طبيب
53,تم العثور على مصاب يحتاج لمساعدة طبية فورية.,طبيب
54,نداء: تم العثور على شخص فاقد الوعي، يُرجى طلب الإسعاف.,طبيب
55,شخص بحاجة لرعاية طبية عاجلة، يُرجى نقل المصاب لأقرب مستشفى.,طبيب
56,نداء طوارئ: شخص يعاني من نوبة قلبية، يُرجى الاتصال بالإسعاف.,طبيب
57,تحذير: مريض يحتاج إلى مساعدة فورية، يُرجى الاتصال بالطبيب.,طبيب
58,تم العثور على طفل مصاب، يُرجى نقل المصاب إلى المستشفى.,طبيب
59,طلب مساعدة طبية لحالة إصابة حرجة.,طبيب
60,عاجل: شخص مصاب بنزيف حاد، يُرجى الاتصال بالطوارئ.,طبيب
61,نداء: حالة إسعافية تتطلب استدعاء طبيب.,طبيب
62,مريض بحاجة إلى مساعدة طبية عاجلة.,طبيب
63,طلب مساعدة طبية فورية لحالة طارئة.,طبيب
64,يرجى طلب الإسعاف لشخص تعرض لإصابة بليغة.,طبيب
65,نداء طوارئ: حالة صحية حرجة، يُرجى الاتصال بالطبيب.,طبيب
66,تحذير: مريض في حالة طوارئ، يُرجى الاتصال بالطبيب فوراً.,طبيب
67,استدعاء طبيب لحالة إصابة حادة.,طبيب
68,تنبيه: شخص في حاجة ملحة للمساعدة الطبية.,طبيب
69,عاجل: حالة إسعافية حرجة، يُرجى طلب الطبيب.,طبيب
70,حالة إسعافية تتطلب عناية طبية فورية.,طبيب
71,استدعاء طوارئ: شخص في حالة صحية خطيرة.,طبيب
72,نداء استغاثة: شخص فاقد الوعي، يُرجى طلب المساعدة الطبية.,طبيب
73,طلب طبيب لحالة طارئة.,طبيب
74,استدعاء طبيب لإصابة خطيرة، يُرجى الاتصال بالطوارئ.,طبيب
75,حالة طبية طارئة تتطلب مساعدة فورية.,طبيب
76,استدعاء طبيب لشخص مصاب بإصابة بليغة.,طبيب
77,تحذير: شخص يعاني من ألم شديد، يُرجى طلب المساعدة الطبية.,طبيب
78,طلب مساعدة طبية لشخص مصاب.,طبيب
79,حالة طارئة تتطلب تدخلاً طبياً فورياً.,طبيب
80,طلب طبيب لإصابة خطيرة تتطلب إسعافاً فورياً.,طبيب
81,استدعاء طوارئ: مريض يعاني من ضيق تنفس.,طبيب
82,حالة طارئة تتطلب تدخل طبيب.,طبيب
83,طلب مساعدة طبية عاجلة لحالة خطيرة.,طبيب
84,نداء: حالة صحية طارئة، يُرجى الاتصال بالطبيب.,طبيب
85,شخص يعاني من إصابة خطيرة، يُرجى طلب الطبيب.,طبيب
86,استدعاء طبيب لأمر طارئ.,طبيب
87,حالة صحية حرجة، يُرجى طلب طبيب.,طبيب
88,نداء استغاثة: مريض يحتاج إلى عناية فورية.,طبيب
89,طلب طبيب لشخص يعاني من نزيف.,طبيب
90,حالة طبية طارئة، يُرجى طلب طبيب.,طبيب
91,تحذير: شخص في حاجة ماسة للعناية الطبية.,طبيب
92,طلب طبيب لحالة طبية طارئة.,طبيب
93,حالة إصابة بليغة بجروح يرجى طلب الطبيب.,طبيب
" 94",حالة إصابة بليغة، يُرجى طلب المساعدة الطبية.,طبيب
95,استدعاء طوارئ لشخص يعاني من ألم شديد.,طبيب
96,نداء استغاثة: حالة صحية حرجة، يُرجى طلب طبيب.,طبيب
97,عاجل: شخص مصاب ويحتاج إلى مساعدة طبية.,طبيب
98,تحذير: حالة إصابة شديدة، يُرجى الاتصال بالطوارئ.,طبيب
99,طلب طبيب لرعاية حالة طارئة.,طبيب
100,استدعاء طارئ لشخص يحتاج إلى تدخل طبي فوري.,طبيب
101,تنبيه: تم رصد نشاط مشبوه في المنطقة.,أمان
102,تحذير: شخص يشتبه في قيامه بأعمال مريبة، يُرجى التحقق.,أمان
103,تم الإبلاغ عن نشاط غير عادي بالقرب من المبنى.,أمان
104,رصد أشخاص غير معروفين يتحركون بطرق مشبوهة.,أمان
105,تنبيه: سلوك مشبوه في المنطقة، يُرجى الحذر.,أمان
106,تحذير: تم الإبلاغ عن حركة غريبة في المنطقة.,أمان
107,بلاغ: وجود شخص يشتبه في سلوكه بالقرب من المبنى.,أمان
108,رصد سيارة مشبوهة متوقفة منذ فترة طويلة.,أمان
109,تنبيه: يوجد أشخاص يتحركون بطرق غريبة في الموقع.,أمان
110,تحذير: نشاط غير عادي في الشارع، يُرجى الانتباه.,أمان
111,تم الإبلاغ عن دخول شخص مجهول إلى المبنى.,أمان
112,تحذير: تم رصد سيارة غريبة في الحي، يُرجى الانتباه.,أمان
113,رصد شخص يشتبه في محاولته الدخول إلى المبنى.,أمان
114,تنبيه: سلوك مشبوه لشخص بالقرب من المبنى.,أمان
115,بلاغ: وجود نشاط غير عادي بالقرب من المنطقة.,أمان
116,تحذير: تم رصد شخص مشبوه يتحرك حول المبنى.,أمان
117,تنبيه: مركبة مجهولة متوقفة منذ مدة طويلة.,أمان
118,تحذير: تم رصد أشخاص يتحركون بطرق مريبة.,أمان
119,تم رصد شخص مشبوه يتحرك بشكل غريب.,أمان
120,بلاغ: سلوك مريب في المنطقة، يُرجى التحقق.,أمان
121,تحذير: تم الإبلاغ عن أشخاص غرباء في المكان.,أمان
122,تم رصد نشاط غير عادي، يُرجى الانتباه.,أمان
123,تنبيه: هناك سيارة مشبوهة بالقرب من المنطقة.,أمان
124,بلاغ: شخص يتحرك بطرق غريبة بالقرب من المبنى.,أمان
125,تحذير: نشاط مشبوه حول المبنى، يُرجى الحذر.,أمان
126,رصد حركة غير عادية لأشخاص مجهولين.,أمان
127,بلاغ: تم رصد حركة مشبوهة بالقرب من المنزل.,أمان
128,تحذير: دخول مشبوه لشخص غير معروف.,أمان
129,تنبيه: نشاط مريب في الحي، يُرجى الانتباه.,أمان
130,تم الإبلاغ عن شخص مجهول يتحرك بطريقة غريبة.,أمان
131,تحذير: دخول غير مصرح لشخص إلى المبنى.,أمان
132,رصد سيارة مشبوهة تجول في المنطقة.,أمان
133,تنبيه: تم رصد أشخاص غرباء في المكان.,أمان
134,بلاغ: تم رصد حركة مريبة لشخص في الحي.,أمان
135,تحذير: دخول غير مصرح به لموقع مغلق.,أمان
136,تنبيه: رصدت سيارة مشبوهة تقترب من الموقع.,أمان
137,تحذير: تواجد أشخاص غير معروفين حول المبنى.,أمان
138,بلاغ: سلوك غير عادي لشخص بالقرب من المكان.,أمان
139,رصد حركة مشبوهة في المنطقة، يُرجى التحقق.,أمان
140,تحذير: تم الإبلاغ عن دخول غير شرعي إلى المبنى.,أمان
141,رصد شخص يتحرك بطريقة مريبة.,أمان
142,تنبيه: سلوك مشبوه لأشخاص حول المبنى.,أمان
143,تحذير: تم رصد أشخاص غرباء في المكان.,أمان
144,بلاغ: تم الإبلاغ عن نشاط غير عادي في الموقع.,أمان
145,تحذير: نشاط مريب لأشخاص غير معروفين في المكان.,أمان
146,تنبيه: حركة مريبة تم رصدها بالقرب من المبنى.,أمان
147,تم الإبلاغ عن دخول غير قانوني إلى منطقة محظورة.,أمان
148,رصد مركبة مجهولة تتحرك ببطء في الحي.,أمان
149,تنبيه: تواجد غير طبيعي لأشخاص في الموقع.,أمان
150,تحذير: تم الإبلاغ عن نشاط مريب في الموقع.,أمان
151,تنبيه: الفيضانات تقترب من المنطقة، يُرجى مغادرة المواقع المنخفضة.,فيضانات
152,تحذير: هناك خطر فيضان محتمل بسبب الأمطار الغزيرة.,فيضانات
153,نداء طوارئ: الفيضانات في طريقها، يُرجى اتخاذ الاحتياطات.,فيضانات
154,تحذير عاجل: فيضانات متوقعة في المنطقة، يفضل الابتعاد.,فيضانات
155,تنبيه: خطر فيضانات وشيكة، يُرجى توخي الحذر.,فيضانات
156,إنذار: الفيضانات قد تحدث بسبب الأمطار الكثيفة.,فيضانات
157,تحذير: ثمة خطر فيضانات جارفة، يُرجى الإخلاء.,فيضانات
158,نداء استغاثة: الفيضانات تتقرب بسرعة، يُرجى البحث عن أماكن مرتفعة.,فيضانات
159,تنبيه: الأمطار الغزيرة قد تؤدي إلى فيضانات مفاجئة.,فيضانات
160,تحذير: هناك استجابة طارئة بسبب الفيضانات، يُرجى الابتعاد.,فيضانات
161,نداء عاجل: الفيضانات عمّت المنطقة، يُرجى الإخلاء فوراً.,فيضانات
162,تحذير: الفيضانات حول الزوايا، يُرجى البقاء في الأمان.,فيضانات
163,تنبيه: خطر فيضانات مرتفع، يُرجى تجنب الأماكن المنخفضة.,فيضانات
164,تحذير: هناك احتمال لحدوث فيضانات، استعدوا لاتخاذ الإجراءات.,فيضانات
165,نداء طوارئ: الفيضانات على وشك الوصول، يُرجى مغادرة المنطقة.,فيضانات
166,تحذير: الفيضانات قد تجرف المواقع، اتخذوا الاحتياطات اللازمة.,فيضانات
167,تنبيه: فيضانات محتملة، يُرجى عدم الاقتراب من الأنهار.,فيضانات
168,تحذير: حالة طوارئ بسبب الفيضانات في منطقتك.,فيضانات
169,نداء عاجل: الفيضانات تتدفق بسرعة، يُرجى الابتعاد عن الشوارع.,فيضانات
170,تحذير: الفيضانات قد تكون مفاجئة، يُرجى البقاء في الأمان.,فيضانات
171,تنبيه: فيضانات قد تؤثر على المناطق المنخفضة، استعدوا.,فيضانات
172,تحذير عاجل: هناك احتمال حدوث فيضانات، يُرجى الحذر.,فيضانات
173,نداء طوارئ: فيضانات قادمة، يُرجى مغادرة المنطقة كإجراء احترازي.,فيضانات
174,تحذير: الفيضانات في الجوار، يُرجى اتخاذ الاحتياطات المناسبة.,فيضانات
175,تنبيه: الأمطار الشديدة قد تؤدي إلى فيضانات، يُرجى الانتباه.,فيضانات
176,تحذير: الفيضانات تهدد الممتلكات، يُرجى الإخلاء.,فيضانات
177,نداء عاجل: الفيضانات تتزايد، اتخذوا الإجراءات اللازمة للصمود.,فيضانات
178,تحذير: فيضانات وشيكة بسبب الأمطار الغزيرة، يُرجى اليقظة.,فيضانات
179,تنبيه: هناك فيضانات قادمة، يُرجى الاستعداد وحماية الممتلكات.,فيضانات
180,تحذير: أجواء ممكن أن تتسبب في فيضانات مفاجئة، يرجى الحذر.,فيضانات
181,نداء طوارئ: الفيضانات محتملة، يُرجى مغادرة المنطقة المنخفضة.,فيضانات
182,تحذير: أجهزة الأرصاد الجوية تحذر من فيضانات قادمة.,فيضانات
183,تنبيه: فيضانات قد تكون مدمرة، يُرجى الانتباه.,فيضانات
184,تحذير: نسبة فيضانات مرتفعة، يُرجى البقاء في الطوابق العليا.,فيضانات
185,نداء عاجل: الفيضانات تتزايد، يُرجى توخي الحذر الشديد.,فيضانات
186,تحذير: الفيضانات قد تكون هناك في أي لحظة، يرجى الاستعداد.,فيضانات
187,تنبيه: خطر فيضانات مرتفع في مناطق محددة، يُرجى اليقظة.,فيضانات
188,تحذير: الفيضانات تكتسح المناطق الساحلية، يُرجى الابتعاد عنها.,فيضانات
189,نداء طوارئ: الفيضانات قد تحجب الطرق، يُرجى اتخاذ المسار الآمن.,فيضانات
190,تحذير: هناك احتمال لحدوث فيضانات خطيرة، يُرجى الانتباه.,فيضانات
191,تنبيه: الفيضانات قريبة، اتخذوا الإجراءات اللازمة للبقاء في الأمان.,فيضانات
192,تحذير: هناك طقس سيء يؤثر على احتمال الفيضانات، يُرجى الحذر.,فيضانات
193,نداء عاجل: الفيضانات متوقعة، يُرجى مغادرة الجسور والممرات المائية.,فيضانات
194,تحذير: خطر الفيضانات ينمو، يُرجى عدم المجازفة.,فيضانات
195,تنبيه: الفيضانات على الأبواب، يُرجى اتخاذ الاحتياطات اللازمة.,فيضانات
196,تحذير: المناطق المنخفضة معرضة للفيضانات، يُرجى الابتعاد عنها.,فيضانات
197,نداء طوارئ: الفيضانات تقترب بسرعة، يُرجى البحث عن مأوى آمن.,فيضانات
198,تحذير: الفيضانات تعاني المناطق الحضرية، يُرجى تجنب الشوارع.,فيضانات
199,تنبيه: فيضانات وشيكة قد تحدث، يُرجى متابعة الأنباء.,فيضانات
200,تحذير: الفيضانات قد تؤثر سلباً على حركة المرور، يُرجى توخي الحذر.,فيضانات
201,بلاغ: وقع حادث مروري، يرجى الاتصال بالشرطة.,حادث
202,عاجل: حادث سير بالقرب من المدخل الرئيسي، يُرجى توخي الحذر.,حادث
203,تحذير: تم الإبلاغ عن حادث على الطريق السريع، يُرجى الابتعاد.,حادث
204,بلاغ: حادث تصادم بين سيارتين، يُرجى الاتصال بالإسعاف.,حادث
205,عاجل: حادث مروري كبير، يُرجى تجنب المنطقة.,حادث
206,تنبيه: حادث بالقرب من التقاطع، يُرجى توخي الحذر أثناء القيادة.,حادث
207,تحذير: حادث خطير على الطريق، يُرجى التواصل مع الشرطة.,حادث
208,بلاغ: حادث انقلاب مركبة، يُرجى طلب الإسعاف.,حادث
209,تحذير: حادث على الطريق السريع، يُرجى اتخاذ الحيطة.,حادث
210,عاجل: حادث تصادم عدة سيارات، يُرجى الابتعاد عن الموقع.,حادث
211,بلاغ: حادث مروري، يُرجى توخي الحذر أثناء الاقتراب.,حادث
212,عاجل: حادث كبير على الطريق الرئيسي، يُرجى تجنب المرور.,حادث
213,تحذير: حادث يتطلب تدخل الشرطة والإسعاف.,حادث
214,بلاغ: تم رصد حادث اصطدام، يُرجى الاتصال بالطوارئ.,حادث
215,عاجل: حادث سير يتطلب مساعدة طبية فورية.,حادث
216,تحذير: هناك حادث خطير على الطريق، يُرجى الابتعاد.,حادث
217,تنبيه: حادث تصادم قد يعطل حركة المرور.,حادث
218,بلاغ: حادث دهس في المنطقة، يُرجى طلب الإسعاف.,حادث
219,عاجل: حادث مروري يتطلب تدخل الطوارئ.,حادث
220,تحذير: وقع حادث في المنعطف الحاد، يُرجى توخي الحذر.,حادث
221,بلاغ: حادث تصادم بين مركبتين، يُرجى الابتعاد.,حادث
222,تنبيه: تم رصد حادث سير، يُرجى توخي الحذر.,حادث
223,عاجل: حادث تصادم كبير، يُرجى تجنب المرور من المنطقة.,حادث
224,تحذير: حادث مروري يعيق الطريق، يُرجى الابتعاد.,حادث
225,بلاغ: حادث على الطريق العام، يُرجى توخي الحذر.,حادث
226,عاجل: حادث انقلاب مركبة على الطريق السريع.,حادث
227,تحذير: حادث قد يسبب تعطيل حركة المرور.,حادث
228,بلاغ: حادث تصادم قوي يتطلب تدخل الشرطة.,حادث
229,تنبيه: حادث مروع على الطريق، يُرجى الابتعاد.,حادث
230,تحذير: هناك حادث خطير في المنطقة، يُرجى توخي الحذر.,حادث
231,بلاغ: حادث تصادم بين عدة مركبات.,حادث
232,عاجل: حادث سير يتطلب مساعدة فورية.,حادث
233,تنبيه: حادث مروري يُعيق السير، يُرجى الابتعاد.,حادث
234,تحذير: وقع حادث خطير، يُرجى عدم الاقتراب.,حادث
235,بلاغ: حادث دهس، يُرجى الاتصال بالطوارئ.,حادث
236,عاجل: حادث مروري يتطلب تواجد الإسعاف.,حادث
237,تحذير: حادث تصادم يُعطل حركة المرور.,حادث
238,بلاغ: حادث في الطريق، يُرجى توخي الحذر.,حادث
239,تنبيه: حادث كبير يعيق الطريق، يُرجى عدم المرور.,حادث
240,تحذير: وقع حادث خطير يتطلب تدخل فوري.,حادث
241,بلاغ: حادث تصادم قوي في المنطقة، يُرجى الاتصال بالطوارئ.,حادث
242,عاجل: حادث مروري كبير، يُرجى تجنب الاقتراب.,حادث
243,تحذير: هناك حادث خطير على الطريق السريع.,حادث
244,بلاغ: حادث مروع يُعيق حركة السير.,حادث
245,عاجل: حادث سير خطير، يُرجى الاتصال بالطوارئ.,حادث
246,تنبيه: حادث مروري يُعيق المرور، يُرجى تجنب المنطقة.,حادث
247,تحذير: حادث تصادم كبير على الطريق، يُرجى الابتعاد.,حادث
248,بلاغ: حادث مروري يتطلب تدخل الشرطة.,حادث
249,عاجل: حادث سير خطير، يُرجى عدم المرور من المنطقة.,حادث
250,تحذير: وقع حادث خطير في المنطقة، يُرجى توخي الحذر.,حادث
" 251",تحذير: تم رصد زلزال في المنطقة، يُرجى الحذر.,زلزال
252,تنبيه: زلزال قوي ضرب المنطقة، يُرجى الإخلاء فوراً.,زلزال
253,عاجل: هناك خطر من هزات ارتدادية، يُرجى توخي الحذر.,زلزال
254,بلاغ: زلزال مدمّر، يُرجى تجنب المباني العالية.,زلزال
255,تحذير: هناك احتمال لحدوث زلزال في الساعات القادمة.,زلزال
256,عاجل: زلزال بقوة كبيرة، يُرجى اتخاذ الاحتياطات.,زلزال
257,بلاغ: تم الشعور بهزة أرضية قوية في المنطقة.,زلزال
258,تنبيه: يجب اتخاذ الحيطة بسبب احتمالية حدوث زلزال قوي.,زلزال
259,تحذير: الهزات الارتدادية قادمة، يُرجى الحذر.,زلزال
260,عاجل: زلزال قوي، يرجى الابتعاد عن المباني المتضررة.,زلزال
261,تنبيه: المنطقة تشهد نشاطاً زلزالياً غير اعتيادي.,زلزال
262,تحذير: هناك خطر حدوث زلزال كبير في المنطقة.,زلزال
263,بلاغ: تم رصد زلزال بالقرب من الشاطئ، يُرجى توخي الحذر.,زلزال
264,عاجل: زلزال بقوة 7.5 ريختر، يُرجى البقاء في الأماكن المفتوحة.,زلزال
265,تحذير: زلزال كبير يمكن أن يؤثر على المدينة، يُرجى الاستعداد.,زلزال
266,بلاغ: الهزات الأرضية تزداد قوة، يجب الإخلاء فوراً.,زلزال
267,تنبيه: زلزال قوي قد يضرب المنطقة في أي لحظة.,زلزال
268,تحذير: هناك زلزال قوي بالقرب من المنطقة، يُرجى الحذر.,زلزال
269,عاجل: استعدوا لزلزال محتمل، يُرجى اتباع تعليمات السلامة.,زلزال
270,تنبيه: هناك احتمال لحدوث هزات ارتدادية شديدة.,زلزال
271,تحذير: الزلزال قد يؤدي إلى انهيارات أرضية، يجب اتخاذ الحيطة.,زلزال
272,عاجل: تم رصد زلزال في البحر، يُرجى الاستعداد لأي موجات تسونامي.,زلزال
273,تحذير: زلزال بقوة كبيرة، يُرجى البقاء في أماكن آمنة.,زلزال
274,بلاغ: المنطقة تشهد هزات زلزالية قوية، يرجى تجنب المناطق المرتفعة.,زلزال
275,عاجل: حدث زلزال مدمر في المنطقة، يُرجى الاتصال بالطوارئ.,زلزال
276,تنبيه: الهزات الأرضية قد تتكرر، يُرجى البقاء في أماكن آمنة.,زلزال
277,تحذير: الزلزال قد يؤثر على البنية التحتية للمنطقة، يجب توخي الحذر.,زلزال
278,بلاغ: تم الإبلاغ عن هزات أرضية في المنطقة، يُرجى الابتعاد عن المباني القديمة.,زلزال
279,عاجل: زلزال يضرب المنطقة، يُرجى عدم استخدام المصاعد.,زلزال
280,تحذير: تم رصد نشاط زلزالي قد يؤدي إلى زلزال مدمر.,زلزال
281,بلاغ: الهزات الأرضية تزداد قوة في المنطقة، يُرجى توخي الحذر.,زلزال
282,تنبيه: الزلزال قد يؤدي إلى تدمير بعض المباني، يجب الإخلاء فوراً.,زلزال
283,تحذير: هناك خطر من حدوث زلزال قوي في الساعات القادمة.,زلزال
284,عاجل: هناك زلزال قوي جداً في البحر، قد تؤدي إلى تسونامي.,زلزال
285,بلاغ: هناك زلزال في البحر، يُرجى اتخاذ احتياطات السلامة.,زلزال
286,تحذير: هزات أرضية عنيفة متوقعة، يُرجى الابتعاد عن المناطق المزدحمة.,زلزال
287,تنبيه: الزلزال يمكن أن يحدث في أي لحظة، يُرجى البقاء في الأماكن المفتوحة.,زلزال
288,بلاغ: تم رصد زلزال بقوة 6.8، يُرجى أخذ الحذر.,زلزال
289,عاجل: زلزال ضخم يضرب المنطقة، يُرجى الحذر من الأنقاض.,زلزال
290,تحذير: هناك نشاط زلزالي في المنطقة، يُرجى تجنب الأماكن المرتفعة.,زلزال
291,بلاغ: تم الإبلاغ عن زلزال في المدينة، يُرجى البقاء في الأماكن الآمنة.,زلزال
292,تنبيه: هناك خطر من زلزال مدمر، يُرجى اتخاذ الحيطة.,زلزال
293,عاجل: تم الشعور بهزة أرضية قوية، يُرجى توخي الحذر.,زلزال
294,تحذير: الزلزال قد يؤدي إلى تدمير الطرق والجسور، يُرجى تجنب السفر.,زلزال
295,بلاغ: هناك خطر من حدوث زلزال في أي لحظة، يُرجى اتخاذ الاحتياطات.,زلزال
296,تنبيه: تم رصد زلزال عنيف في البحر، قد يؤثر على الشواطئ.,زلزال
297,عاجل: زلزال قوي ضرب المنطقة، يُرجى إخلاء المباني المتضررة.,زلزال
298,تحذير: هناك خطر حدوث زلزال في الساعات القادمة.,زلزال
299,بلاغ: زلزال مدمر في المنطقة، يُرجى الابتعاد عن المباني المنهارة.,زلزال
300,عاجل: تم رصد نشاط زلزالي كبير في البحر، يُرجى الاستعداد للتسونامي.,زلزال
301,تحذير: تم رصد تسرب كيماوي في المنطقة، يُرجى الابتعاد فوراً.,كيماوي
302,بلاغ: تسرب مواد كيماوية خطيرة في المصنع، يُرجى إخلاء المنطقة.,كيماوي
303,تنبيه: هناك خطر من تلوث كيماوي في الهواء، يُرجى الابتعاد عن المنطقة.,كيماوي
304,عاجل: تسرب مواد كيماوية في المصنع، يجب إخلاء المنطقة فوراً.,كيماوي
305,تحذير: تم رصد تسرب مواد كيماوية سامة في المنطقة.,كيماوي
306,بلاغ: هناك تسرب كيماوي شديد، يُرجى الاتصال بالطوارئ.,كيماوي
307,تنبيه: تسرب كيماوي في المصنع، يجب إخلاء المكان فوراً.,كيماوي
308,عاجل: تسرب مادة كيماوية خطيرة في المصنع، يُرجى الحذر.,كيماوي
309,تحذير: هناك مواد كيماوية سامة في المنطقة، يُرجى عدم الاقتراب.,كيماوي
310,بلاغ: تم رصد تسرب غاز سام في المصنع، يُرجى الابتعاد فوراً.,كيماوي
311,تحذير: تسرب مواد كيماوية قد تسبب تلوثاً بيئياً في المنطقة.,كيماوي
312,تنبيه: تسرب مادة كيماوية سامة في المصنع، يُرجى اتخاذ الاحتياطات.,كيماوي
313,عاجل: تسرب كيماوي في منطقة التصنيع، يُرجى مغادرة المنطقة فوراً.,كيماوي
314,تحذير: تسرب مواد كيماوية قد يؤدي إلى حريق، يُرجى الابتعاد.,كيماوي
315,بلاغ: هناك تسرب كيماوي في المصنع، يُرجى الاتصال بالطوارئ.,كيماوي
316,عاجل: تسرب غاز سام في المصنع، يُرجى توخي الحذر.,كيماوي
317,تحذير: تسرب مادة كيماوية سامة في المبنى، يُرجى مغادرته فوراً.,كيماوي
318,بلاغ: تسرب مواد كيماوية في المصنع، يُرجى إغلاق النوافذ والأبواب.,كيماوي
319,عاجل: تسرب مادة كيماوية خطيرة في المصنع، يُرجى الاتصال بالطوارئ.,كيماوي
320,تنبيه: تسرب كيماوي قد يؤدي إلى تلوث المياه في المنطقة.,كيماوي
321,تحذير: تسرب غاز سام، يُرجى مغادرة المنطقة فوراً.,كيماوي
322,بلاغ: تسرب مادة كيماوية سامة، يُرجى عدم الاقتراب.,كيماوي
323,عاجل: تسرب مواد كيماوية قد تؤدي إلى انفجار، يُرجى الابتعاد.,كيماوي
324,تنبيه: تسرب مادة كيماوية يمكن أن تسبب تلوث في الهواء.,كيماوي
325,تحذير: تسرب غاز كيماوي سام في المصنع، يُرجى مغادرة المنطقة فوراً.,كيماوي
326,بلاغ: هناك تسرب كيميائي,كيماوي
327,عاجل: تسرب مادة كيماوية سامة، يُرجى مغادرة المنطقة فوراً.,كيماوي
328,تحذير: تسرب مواد كيماوية قد يؤدي إلى تلوث المياه في المنطقة.,كيماوي
329,بلاغ: تسرب مواد كيماوية في المصنع، يُرجى الاتصال بالطوارئ.,كيماوي
330,عاجل: تسرب غاز سام في المنطقة، يُرجى توخي الحذر.,كيماوي
331,تنبيه: هناك تسرب كيماوي قد يؤدي إلى إصابات خطيرة، يُرجى الابتعاد.,كيماوي
332,تحذير: تسرب مواد كيماوية سامة قد يؤثر على البيئة، يُرجى اتخاذ الاحتياطات.,كيماوي
333,بلاغ: هناك تسرب كيماوي في المنطقة، يُرجى مغادرة المكان فوراً.,كيماوي
334,عاجل: تسرب مواد كيماوية سامة في المصنع، يُرجى تجنب المرور بالقرب من المنطقة.,كيماوي
335,تحذير: تسرب مادة كيماوية سامة قد تكون مميتة، يُرجى الابتعاد فوراً.,كيماوي
336,بلاغ: تسرب مواد كيماوية في المنطقة السكنية، يُرجى مغادرة المكان.,كيماوي
337,تنبيه: تسرب مادة كيماوية قد تتسبب في تلوث هواء المنطقة.,كيماوي
338,عاجل: تسرب مواد كيماوية خطيرة، يُرجى الاتصال بالإطفاء فوراً.,كيماوي
339,تحذير: تسرب كيماوي في منطقة العمل، يُرجى مغادرة المكان فوراً.,كيماوي
340,بلاغ: هناك تسرب غاز سام في المنطقة الصناعية، يُرجى الابتعاد.,كيماوي
341,تنبيه: تسرب مادة كيماوية قد تؤدي إلى حريق في المصنع.,كيماوي
342,عاجل: تم رصد تسرب كيماوي في المصنع، يُرجى البقاء بعيداً عن المنطقة.,كيماوي
343,تحذير: تسرب غاز سام في المنطقة، يُرجى توخي الحذر.,كيماوي
344,بلاغ: هناك تسرب كيماوي قد يؤدي إلى تهديدات صحية، يُرجى الابتعاد.,كيماوي
345,عاجل: تسرب مواد كيماوية في المصنع، يُرجى مغادرة المنطقة فوراً.,كيماوي
346,تنبيه: تسرب مادة كيماوية سامة قد تؤدي إلى تلوث البيئة.,كيماوي
347,تحذير: تسرب مواد كيماوية سامة قد تكون مميتة، يُرجى الابتعاد.,كيماوي
348,بلاغ: هناك تسرب غاز سام في المنطقة السكنية، يُرجى المغادرة فوراً.,كيماوي
349,عاجل: تسرب كيماوي في المنطقة الصناعية، يُرجى الاتصال بالطوارئ.,كيماوي
350,تحذير: تسرب غاز سام في المصنع، يُرجى الابتعاد فوراً.,كيماوي
351,تحذير: هناك تفشي لمرض معدي في المنطقة، يُرجى اتخاذ احتياطات صحية.,صحة
352,عاجل: تم رصد حالات إصابة بمرض معدي في المدينة، يُرجى تجنب التجمعات.,صحة
353,تنبيه: هناك زيادة في عدد حالات الإنفلونزا، يُرجى الالتزام بإجراءات الوقاية.,صحة
354,بلاغ: تم اكتشاف حالات إصابة بفيروس جديد، يُرجى توخي الحذر.,صحة
355,تحذير: هناك احتمال تفشي مرض معدي، يُرجى تجنب الأماكن المزدحمة.,صحة
356,عاجل: تم رصد حالات إصابة بفيروس كورونا، يُرجى اتباع الإجراءات الصحية.,صحة
357,تنبيه: هناك زيادة في عدد الإصابات بمرض التهاب الأمعاء، يُرجى توخي الحذر.,صحة
358,تحذير: تم رصد حالات إصابة بمرض الحمى، يُرجى الاتصال بأقرب مركز صحي.,صحة
359,بلاغ: هناك تفشي لمرض الطاعون في المنطقة، يُرجى تجنب المخالطة المباشرة.,صحة
360,عاجل: تم الإبلاغ عن حالات إصابة بالحصبة، يُرجى اتخاذ الاحتياطات اللازمة.,صحة
361,تحذير: هناك زيادة في حالات التسمم الغذائي في المنطقة، يُرجى تجنب الطعام الملوث.,صحة
362,تنبيه: تم رصد حالة إصابة بفيروس غرب النيل، يُرجى توخي الحذر.,صحة
363,بلاغ: هناك حالات إصابة بمرض نقص المناعة، يُرجى الابتعاد عن المصابين.,صحة
364,عاجل: تم اكتشاف حالات إصابة بالكوليرا، يُرجى الابتعاد عن مصادر المياه الملوثة.,صحة
365,تحذير: هناك حالات إصابة بمرض الدرن في المنطقة، يُرجى اتباع الإرشادات الطبية.,صحة
366,بلاغ: تم رصد تفشي لمرض الحمى المالطية، يُرجى الحذر.,صحة
367,عاجل: حالات إصابة بالتهاب رئوي حاد، يُرجى الاتصال بالطوارئ الطبية.,صحة
368,تنبيه: هناك زيادة في عدد حالات التسمم بالمواد السامة، يُرجى توخي الحذر.,صحة
369,تحذير: تم الإبلاغ عن حالات إصابة بفيروس الأنفلونزا، يُرجى تجنب الأماكن المغلقة.,صحة
370,بلاغ: هناك حالات إصابة بفيروس نقص المناعة، يُرجى تجنب التعامل مع المصابين.,صحة
371,عاجل: تم اكتشاف حالة إصابة بالتهاب الكبد الفيروسي، يُرجى الاتصال بالمستشفى.,صحة
372,تحذير: هناك زيادة في عدد حالات الإصابة بالأمراض التنفسية، يُرجى توخي الحذر.,صحة
373,تنبيه: هناك تفشي لمرض الزكام في المنطقة، يُرجى تجنب المخالطة.,صحة
374,بلاغ: تم رصد إصابات بفيروس الإنفلونزا في المدارس، يُرجى توخي الحذر.,صحة
375,عاجل: تم اكتشاف حالات إصابة بمرض السل، يُرجى تجنب الأماكن العامة.,صحة
376,تحذير: هناك إصابات بفيروسات تصيب الجهاز التنفسي، يُرجى توخي الحذر.,صحة
377,بلاغ: حالات الإصابة بالتهاب الكبد تزداد في المنطقة، يُرجى الاتصال بالمستشفى.,صحة
378,تنبيه: تم الإبلاغ عن حالات إصابة بالتهاب الأمعاء، يُرجى عدم تناول الطعام من الشوارع.,صحة
379,عاجل: تم رصد حالات إصابة بفيروس هانتا، يُرجى تجنب الأماكن الملوثة.,صحة
380,تحذير: حالات التسمم الناتجة عن المواد الكيميائية تزداد، يُرجى الابتعاد عن المناطق الملوثة.,صحة
381,بلاغ: تم الإبلاغ عن مرض إنفلونزا الطيور في المنطقة، يُرجى الابتعاد عن الطيور.,صحة
382,عاجل: تم رصد حالات إصابة بفيروس كورونا المستجد، يُرجى تطبيق الإجراءات الوقائية.,صحة
383,تحذير: تم رصد حالات إصابة بمرض السرطان، يُرجى متابعة العلاج اللازم.,صحة
384,تنبيه: هناك تفشي لمرض الحصبة، يُرجى تجنب الأماكن العامة.,صحة
385,عاجل: تم رصد حالات إصابة بفيروس زيكا، يُرجى الحذر من لدغات البعوض.,صحة
386,تحذير: هناك حالات إصابة بالتهاب الكبد في المنطقة، يُرجى تجنب تناول الطعام الملوث.,صحة
387,بلاغ: تم اكتشاف حالات إصابة بفيروس الإيبولا، يُرجى الاتصال بالطوارئ الصحية.,صحة
388,عاجل: هناك خطر من تفشي مرض نقص المناعة، يُرجى توخي الحذر.,صحة
389,تحذير: هناك حالات إصابة بفيروس H1N1 في المنطقة، يُرجى اتخاذ الإجراءات الوقائية.,صحة
390,بلاغ: تم الإبلاغ عن حالات إصابة بمرض الجدري في المنطقة.,صحة
391,تنبيه: تم رصد حالات إصابة بالحمى الصفراء، يُرجى توخي الحذر.,صحة
392,عاجل: تم رصد حالات إصابة بفيروس كورونا في المنطقة، يُرجى توخي الحذر.,صحة
393,تحذير: هناك تفشي لمرض الإيدز في المنطقة، يُرجى تجنب المخالطة المباشرة.,صحة
394,بلاغ: تم رصد إصابات بفيروس تنفسي في المستشفى، يُرجى اتباع الإرشادات الصحية.,صحة
395,عاجل: تم رصد حالات إصابة بالزهايمر، يُرجى الاتصال بالطوارئ الصحية.,صحة
396,تحذير: تم رصد تفشي مرض اللشمانيا، يُرجى، يُرجى الاتصال بالطوارئ الصحية.,صحة
397,تنبيه: تم رصد زيادة في حالات الإصابة بالأمراض المعدية في المنطقة.,صحة
398,بلاغ: تم رصد إصابات بمرض التسمم الغذائي، يُرجى توخي الحذر.,صحة
399,عاجل: تم رصد حالات إصابة بفيروس التهاب الكبد، يُرجى اتخاذ الاحتياطات الصحية.,صحة
400,تحذير: هناك تفشي لمرض الحمى الشوكية في المنطقة، يُرجى تجنب الأماكن العامة.,صحة
401,بلاغ: تم رصد حالات إصابة بفيروس نقص المناعة في المنطقة، يُرجى توخي الحذر.,صحة
402,عاجل: تم رصد زيادة في عدد الحالات المرضية في المنطقة، يُرجى الالتزام بالإجراءات الصحية.,صحة
403,تحذير: تم رصد حالات إصابة بالتهاب المفاصل في المنطقة، يُرجى توخي الحذر.,صحة
404,تنبيه: تم اكتشاف حالات إصابة بالإنفلونزا الموسمية في المنطقة.,صحة
405,عاجل: تم رصد حالات إصابة بفيروس الأنفلونزا، يُرجى تجنب الأماكن المزدحمة.,صحة
406,تحذير: هناك تفشي لمرض الطاعون في المنطقة، يُرجى الابتعاد عن الأماكن المزدحمة.,صحة
407,بلاغ: تم رصد حالات إصابة بمرض الحمى الشوكية، يُرجى تجنب المناطق المزدحمة.,صحة
408,عاجل: تم رصد حالات إصابة بفيروس C، يُرجى الاتصال بالطوارئ الصحية.,صحة
409,تحذير: هناك تفشي لمرض المكورات السحائية في المنطقة.,صحة
410,بلاغ: تم رصد حالات إصابة بفيروس التهاب الأمعاء في المنطقة.,صحة
411,تنبيه: تم رصد تفشي مرض الجدري في المنطقة، يُرجى توخي الحذر.,صحة
412,عاجل: تم رصد زيادة في عدد حالات الإصابة بالكوليرا، يُرجى تجنب المياه غير المعقمة.,صحة
413,تحذير: تم رصد حالات إصابة بفيروس كورونا، يُرجى اتباع التعليمات الصحية.,صحة
414,بلاغ: تم رصد تفشي مرض الإيبولا في المنطقة، يُرجى توخي الحذر.,صحة
415,تنبيه: تم رصد زيادة في حالات الإصابة بالأمراض التنفسية في المدينة.,صحة
416,عاجل: تم رصد حالات إصابة بفيروس فيروسي، يُرجى تجنب الأماكن العامة.,صحة
417,تحذير: هناك تفشي لمرض الأنفلونزا الموسمية في المنطقة.,صحة
418,بلاغ: تم رصد حالات إصابة بالتهاب الكبد الفيروسي في المدينة.,صحة
419,تنبيه: تم رصد حالات إصابة بمرض نقص المناعة المكتسبة في المنطقة.,صحة
420,عاجل: تم رصد حالات إصابة بالتهاب الأمعاء في المنطقة، يُرجى توخي الحذر.,صحة
421,تحذير: هناك تفشي لمرض الحمى المالطية في المنطقة، يُرجى الابتعاد عن الحيوانات.,صحة
422,بلاغ: تم رصد حالات إصابة بمرض السل في المنطقة، يُرجى تجنب الأماكن المزدحمة.,صحة
423,تنبيه: هناك تفشي لمرض الزكام في المنطقة، يُرجى تجنب التجمعات.,صحة
424,عاجل: تم رصد إصابات بفيروس كورونا في الأماكن العامة، يُرجى تجنب الاقتراب.,صحة
425,تحذير: هناك زيادة في حالات التسمم الغذائي في المنطقة، يُرجى توخي الحذر.,صحة
426,بلاغ: تم رصد إصابات بفيروس كورونا في المستشفيات، يُرجى اتباع الإرشادات الصحية.,صحة
427,عاجل: تم رصد حالات إصابة بفيروس سارس، يُرجى اتباع الإجراءات الصحية.,صحة
428,تحذير: هناك تفشي لمرض نقص المناعة في المنطقة، يُرجى تجنب الأماكن المزدحمة.,صحة
429,بلاغ: تم رصد حالات إصابة بمرض الدرن، يُرجى توخي الحذر.,صحة
430,تنبيه: تم رصد تفشي مرض الطاعون في المنطقة، يُرجى تجنب التعامل مع الحيوانات المصابة.,صحة
431,عاجل: تم رصد حالات إصابة بفيروس إنفلونزا الطيور، يُرجى الابتعاد عن الطيور المصابة.,صحة
432,تحذير: هناك تفشي لمرض الإيدز في المنطقة، يُرجى اتباع الإجراءات الوقائية.,صحة
433,بلاغ: تم رصد حالات إصابة بفيروس التسمم الغذائي، يُرجى توخي الحذر.,صحة
434,تنبيه: تم رصد حالات إصابة بمرض التيفود في المنطقة، يُرجى تجنب الطعام الملوث.,صحة
435,عاجل: تم رصد حالات إصابة بفيروس الدنج، يُرجى تجنب البعوض.,صحة
436,تحذير: تم رصد حالات إصابة بالفيروسات التنفسية في المستشفيات، يُرجى تجنب الاتصال المباشر.,صحة
437,بلاغ: تم رصد زيادة في حالات الإصابة بالتهاب الرئة في المدينة.,صحة
438,عاجل: تم رصد حالات إصابة بمرض الملاريا، يُرجى اتخاذ الاحتياطات.,صحة
439,تحذير: هناك تفشي لمرض الزهري في المنطقة، يُرجى تجنب العلاقات غير الآمنة.,صحة
440,بلاغ: تم رصد حالات إصابة بفيروس الإنفلونزا الموسمية في المدارس.,صحة
441,تنبيه: هناك تفشي لمرض السارس في المنطقة، يُرجى اتباع التعليمات الصحية.,صحة
442,عاجل: تم رصد حالات إصابة بمرض الحمى الصفراء، يُرجى تجنب المناطق الموبوءة.,صحة
443,تحذير: هناك حالات إصابة بفيروس الحصبة في المستشفيات، يُرجى توخي الحذر.,صحة
444,بلاغ: تم رصد حالات إصابة بفيروس H5N1، يُرجى تجنب الطيور المصابة.,صحة
445,عاجل: تم رصد حالات إصابة بفيروس كورونا في المستشفيات، يُرجى اتباع الإجراءات الوقائية.,صحة
446,تحذير: تم رصد حالات إصابة بأمراض القلب والأوعية الدموية، يُرجى الاتصال بأطباء مختصين.,صحة
447,تنبيه: هناك تفشي لمرض نقص المناعة المكتسبة في المنطقة، يُرجى تجنب المخالطة المباشرة.,صحة
448,عاجل: تم رصد حالات إصابة بفيروس C في المستشفيات، يُرجى تجنب ملامسة المرضى.,صحة
449,تحذير: هناك تفشي لمرض التهاب الأمعاء في المنطقة، يُرجى تجنب تناول الطعام من الباعة الجائلين.,صحة
450,بلاغ: تم رصد حالات إصابة بفيروس كورونا المستجد، يُرجى اتباع التعليمات الصحية.,صحة
451,تحذير: هناك عاصفة رملية في المنطقة، يُرجى تجنب الخروج إلا للضرورة.,طقس
452,بلاغ: تم رصد تقلبات جوية شديدة، يُرجى توخي الحذر.,طقس
453,تنبيه: هناك توقعات بهطول أمطار غزيرة، يُرجى أخذ الحيطة.,طقس
454,عاجل: تم رصد عاصفة رعدية في المنطقة، يُرجى الابتعاد عن الأماكن المكشوفة.,طقس
455,تحذير: هناك احتمال لحدوث سيول في المنطقة، يُرجى الابتعاد عن الأماكن المنخفضة.,طقس
456,بلاغ: تم رصد انخفاض حاد في درجات الحرارة، يُرجى ارتداء الملابس الثقيلة.,طقس
457,تنبيه: هناك زيادة في نشاط الرياح، يُرجى تجنب السفر لمسافات طويلة.,طقس
458,عاجل: هناك تحذير من عواصف شديدة في البحر، يُرجى تجنب الإبحار.,طقس
459,تحذير: من المتوقع أن تشهد المنطقة عواصف ثلجية، يُرجى توخي الحذر.,طقس
460,بلاغ: تم رصد نشاط للرياح القوية، يُرجى اتخاذ الاحتياطات اللازمة.,طقس
461,تنبيه: هناك تحذير من ارتفاع درجات الحرارة في المنطقة، يُرجى تجنب التواجد في الشمس.,طقس
462,عاجل: تم رصد احتمال حدوث عواصف رعدية، يُرجى توخي الحذر.,طقس
463,تحذير: هناك تحذير من أمطار غزيرة قد تتسبب في حدوث فيضانات.,طقس
464,بلاغ: تم رصد موجة حر شديدة، يُرجى تجنب الأنشطة الخارجية.,طقس
465,تنبيه: من المتوقع أن تتساقط الثلوج في المنطقة، يُرجى اتخاذ الحيطة.,طقس
466,عاجل: هناك تحذير من عواصف رعدية وامطار ، يُرجى اتخاذ الحيطة.,طقس
" 467",تحذير: هناك تحذير من عاصفة ترابية في المنطقة، يُرجى تجنب الخروج من المنازل.,طقس
468,بلاغ: تم رصد نشاط بركاني في المنطقة، يُرجى توخي الحذر.,طقس
469,تنبيه: هناك تحذير من هبوب رياح قوية قد تؤثر على حركة المرور.,طقس
470,عاجل: من المتوقع أن تتسبب الأمطار الغزيرة في حدوث فيضانات، يُرجى تجنب الطرقات.,طقس
471,تحذير: هناك تحذير من عواصف رعدية مع أمطار غزيرة، يُرجى الحذر.,طقس
472,بلاغ: من المتوقع أن تنخفض درجات الحرارة بشكل كبير، يُرجى التدفئة في الأماكن المغلقة.,طقس
473,تنبيه: من المتوقع حدوث عواصف شديدة مصحوبة بأمطار غزيرة، يُرجى تجنب السفر.,طقس
474,عاجل: هناك تحذير من فيضانات بسبب الأمطار الغزيرة، يُرجى البقاء في أماكن آمنة.,طقس
475,تحذير: تم رصد انخفاض مفاجئ في درجات الحرارة، يُرجى توخي الحذر.,طقس
476,بلاغ: هناك تحذير من رياح شديدة قد تؤدي إلى تطاير الأجسام، يُرجى الحذر عند الخروج.,طقس
477,تنبيه: هناك تحذير من طقس حار جدًا في المنطقة، يُرجى توخي الحذر والابتعاد عن الشمس.,طقس
478,عاجل: من المتوقع حدوث عواصف رعدية في المنطقة، يُرجى تأجيل الأنشطة الخارجية.,طقس
479,تحذير: تم رصد ارتفاع مفاجئ في درجات الحرارة، يُرجى تجنب الأنشطة البدنية المكثفة.,طقس
480,بلاغ: من المتوقع أن تشهد المنطقة هطول أمطار غزيرة، يُرجى التأكد من سلامة السقف والنوافذ.,طقس
481,تنبيه: هناك تحذير من رياح شديدة قد تؤثر على النقل الجوي، يُرجى متابعة الأخبار.,طقس
482,عاجل: هناك تحذير من عاصفة شديدة في البحر، يُرجى توخي الحذر.,طقس
483,تحذير: هناك تحذير من حدوث فيضانات نتيجة للأمطار الغزيرة، يُرجى تجنب المناطق المنخفضة.,طقس
484,بلاغ: هناك تحذير من هبوب رياح شديدة قد تؤدي إلى تدمير المنشآت الضعيفة.,طقس
485,تنبيه: من المتوقع أن تسقط الثلوج على المرتفعات الجبلية، يُرجى توخي الحذر عند التنقل.,طقس
486,عاجل: هناك تحذير من موجات حر شديدة، يُرجى اتخاذ الاحتياطات اللازمة لتجنب الإرهاق الحراري.,طقس
487,تحذير: من المتوقع حدوث سيول بسبب الأمطار الغزيرة، يُرجى تجنب المرور في المناطق المنخفضة.,طقس
488,بلاغ: من المتوقع أن تشهد المنطقة ارتفاعًا مفاجئًا في درجات الحرارة، يُرجى اتخاذ الاحتياطات.,طقس
489,تنبيه: هناك تحذير من عاصفة رعدية قد تؤدي إلى انقطاع الكهرباء، يُرجى توخي الحذر.,طقس
490,عاجل: هناك تحذير من ارتفاع مستويات الرطوبة في المنطقة، يُرجى تجنب الأنشطة البدنية القوية.,طقس
491,تحذير: من المتوقع أن تتسبب الرياح القوية في تعطيل حركة النقل، يُرجى تجنب السفر لمسافات طويلة.,طقس
492,بلاغ: من المتوقع حدوث موجة حارة في الأيام القادمة، يُرجى توخي الحذر من درجات الحرارة المرتفعة.,طقس
493,تنبيه: تم رصد زيادة في سرعة الرياح، يُرجى تجنب الأنشطة في المناطق المفتوحة.,طقس
494,عاجل: هناك تحذير من أمطار غزيرة قد تتسبب في تجمع المياه في الطرقات، يُرجى توخي الحذر.,طقس
495,تحذير: تم رصد نشاط بركاني في الجبال القريبة، يُرجى الابتعاد عن المنطقة.,طقس
496,بلاغ: من المتوقع حدوث عاصفة ثلجية في المناطق الجبلية، يُرجى تجنب التنقل.,طقس
497,تنبيه: هناك تحذير من اضطراب الطقس في البحر، يُرجى تجنب الإبحار.,طقس
498,عاجل: هناك تحذير من حدوث عاصفة شديدة قد تؤثر على شبكات الكهرباء، يُرجى توخي الحذر.,طقس
499,تحذير: هناك خطر من الفيضانات في بعض المناطق المنخفضة بسبب الأمطار الغزيرة.,طقس
500,بلاغ: هناك توقعات بهطول أمطار غزيرة في الفترة القادمة، يُرجى اتخاذ الحيطة.,طقس
" 501",تنبيه: تم الإبلاغ عن شخص مفقود في المنطقة، يرجى توخي الحذر ومساعدة الجهات المختصة.,مفقود
502,عاجل: هناك شخص مفقود في المدينة، يرجى الاتصال بالشرطة إذا تم العثور عليه.,مفقود
503,بلاغ: تم الإبلاغ عن فقدان طفل في المنطقة، يرجى التحقق من الأماكن المحيطة.,مفقود
504,تحذير: تم الإبلاغ عن فقدان شخص مسن في الحي، يرجى التواصل مع الجهات المختصة.,مفقود
505,تنبيه: تم فقدان شخص في حادث مروري، يرجى الإبلاغ عن أي معلومات متوفرة.,مفقود
506,عاجل: هناك شخص مفقود في المدينة، يرجى الاتصال بالشرطة فورًا إذا كنت تملك أي معلومات.,مفقود
507,بلاغ: تم الإبلاغ عن فقدان شخص في محيط المدرسة، يرجى مساعدتنا في البحث.,مفقود
508,تحذير: تم الإبلاغ عن فقدان شخص بالغ في الغابة، يرجى الإبلاغ عن أي معلومات قد تساعد.,مفقود
509,تنبيه: تم الإبلاغ عن فقدان امرأة في مركز التسوق، يرجى الاتصال بمراكز الشرطة المحلية.,مفقود
510,عاجل: هناك طفل مفقود في الحي، يرجى توخي الحذر والإبلاغ عن أي مشاهدات.,مفقود
511,بلاغ: تم الإبلاغ عن شخص مفقود في منطقة جبلية، يرجى إبلاغ السلطات المحلية.,مفقود
512,تحذير: تم الإبلاغ عن مفقود في المدينة نتيجة الحريق، يرجى توخي الحذر.,مفقود
513,تنبيه: تم فقدان شخص في رحلة جبلية، يرجى مساعدتنا في البحث عنه.,مفقود
514,عاجل: هناك شخص مفقود في حي الفاتح، يرجى إبلاغ الشرطة إذا كان لديك أي معلومات.,مفقود
515,بلاغ: تم فقدان شخص خلال العاصفة، يرجى التحقق من الأماكن المحيطة.,مفقود
516,تحذير: تم الإبلاغ عن فقدان شخص في رحلة سياحية، يرجى الاتصال بالشرطة.,مفقود
517,تنبيه: تم الإبلاغ عن فقدان امرأة مسنّة، يرجى الاتصال بمراكز الشرطة المحلية.,مفقود
518,عاجل: تم فقدان طفل في مركز المدينة، يرجى إبلاغ السلطات إذا تم العثور عليه.,مفقود
519,بلاغ: تم الإبلاغ عن فقدان شخص في البحر، يرجى التواصل مع فرق الإنقاذ.,مفقود
520,تحذير: تم الإبلاغ عن فقدان شخص في الصحراء، يرجى الاتصال بالشرطة فورًا.,مفقود
521,تنبيه: تم فقدان شخص في حادث سير، يرجى التحقق من الأماكن المحيطة.,مفقود
522,عاجل: تم الإبلاغ عن مفقود في منطقة الجبل، يرجى إبلاغ السلطات إذا تم العثور عليه.,مفقود
523,بلاغ: تم فقدان رجل مسن في الحدائق العامة، يرجى الإبلاغ بالعثور عليه.,مفقود
524,تحذير: تم الإبلاغ عن فقدان شخص في منطقة نائية، يرجى إبلاغ السلطات فورًا.,مفقود
525,تنبيه: تم فقدان طفل صغير في الحدائق، يرجى الاتصال بالشرطة إذا كان لديك أي معلومات.,مفقود
526,عاجل: هناك شخص مفقود في مركز الرياضة، يرجى إبلاغ الشرطة فورًا.,مفقود
527,بلاغ: تم فقدان شخص في منطقتنا، يرجى مساعدتنا في العثور عليه.,مفقود
528,تحذير: تم الإبلاغ عن مفقود في المنطقة بعد الزلزال، يرجى الإبلاغ عن أي معلومات.,مفقود
529,تنبيه: تم الإبلاغ عن فقدان شخص في الطابق العلوي لمبنى، يرجى التواصل مع فرق الإنقاذ.,مفقود
530,عاجل: تم الإبلاغ عن مفقود في مدينة الشاطئ، يرجى إبلاغ الشرطة إذا تم العثور عليه.,مفقود
531,بلاغ: تم الإبلاغ عن فقدان رجل مسن في المنطقة الشمالية، يرجى التواصل مع الشرطة.,مفقود
532,تحذير: تم فقدان شخص خلال العاصفة الرملية، يرجى متابعة الأخبار.,مفقود
533,تنبيه: تم الإبلاغ عن فقدان امرأة في المدينة القديمة، يرجى التحقق من الأماكن المحيطة.,مفقود
534,عاجل: تم فقدان شخص في رحلة جبلية، يرجى التحقق مع فرق الإنقاذ.,مفقود
535,بلاغ: تم الإبلاغ عن مفقود في المنطقة بعد حادث مروري، يرجى إبلاغ الشرطة فورًا.,مفقود
536,تحذير: تم فقدان شخص خلال الفيضانات، يرجى التحقق من الأماكن المنخفضة.,مفقود
537,تنبيه: تم فقدان شخص في الحدائق العامة، يرجى الاتصال بالشرطة.,مفقود
538,عاجل: تم الإبلاغ عن مفقود في مستشفى المدينة، يرجى إبلاغ الشرطة فورًا.,مفقود
539,بلاغ: تم فقدان طفل في الحي، يرجى متابعة الأخبار المحلية.,مفقود
540,تحذير: تم الإبلاغ عن شخص مفقود في مناطق نائية، يرجى توخي الحذر.,مفقود
541,تنبيه: تم فقدان شخص خلال الحريق في المنطقة الصناعية، يرجى إبلاغ الجهات المختصة.,مفقود
542,عاجل: تم الإبلاغ عن شخص مفقود في منطقة البحر، يرجى توخي الحذر في المنطقة.,مفقود
543,بلاغ: تم فقدان شخص في منطقة الجبل، يرجى الاتصال بالشرطة.,مفقود
544,تحذير: تم الإبلاغ عن مفقود في المنطقة بعد حدوث الهزة الأرضية، يرجى إبلاغ السلطات.,مفقود
545,تنبيه: تم الإبلاغ عن فقدان شخص في حادث قطار، يرجى إبلاغ السلطات المختصة.,مفقود
546,عاجل: تم الإبلاغ عن مفقود في مكان العمل، يرجى إبلاغ الشرطة فورًا.,مفقود
547,بلاغ: تم فقدان شخص في حادث صناعي، يرجى الإبلاغ إذا تم العثور عليه.,مفقود
548,تحذير: تم الإبلاغ عن فقدان شخص في الغابة، يرجى توخي الحذر والتواصل مع فرق الإنقاذ.,مفقود
549,تنبيه: تم الإبلاغ عن فقدان شخص في محيط الشاطئ، يرجى إبلاغ الجهات المختصة.,مفقود
550,عاجل: تم فقدان شخص في منطقة جبلية نائية، يرجى إبلاغ الشرطة فورًا.,مفقود
551,تحذير: هناك انفجار في المنطقة، يُرجى الابتعاد فوراً.,انفجار
552,تنبيه: حدث انفجار، يُرجى البقاء في مكان آمن.,انفجار
553,إنذار: انفجار كبير في منطقة قريبة، يرجى إخلاء المكان.,انفجار
554,تحذير عاجل: هناك تقارير عن انفجارات في محيطك، توخى الحذر.,انفجار
555,تنبيه: أرجو عدم الاقتراب من موقع الانفجار، يمكن أن تتكرر الأحداث.,انفجار
556,تحذير: انفجار في منطقتك، يُرجى الابتعاد عن النوافذ.,انفجار
557,إنذار عاجل: مكان الانفجار غير آمن، ابق في منزلك.,انفجار
558,تحذير: تجنب الشوارع القريبة من موقع الانفجار.,انفجار
559,تنبيه: هناك حالة طوارئ بسبب انفجار، انتبه للإجراءات الأمنية.,انفجار
560,تحذير: نقل المصابين إلى المستشفيات جارٍ بعد الانفجار، يُرجى الابتعاد.,انفجار
561,إنذار: تم الإبلاغ عن انفجار في منطقة مزدحمة، يُرجى البقاء بعيداً.,انفجار
562,تحذير عاجل: الرجاء مراجعة سلطات الطوارئ للحصول على التعليمات.,انفجار
563,تنبيه: سمع دوي انفجار، تابع الأخبار المحلية لمزيد من المعلومات.,انفجار
564,تحذير: هناك انفجار في مصنع قريب، يُرجى الابتعاد عن المنطقة.,انفجار
565,إنذار: في حالة الانفجار، ابحث عن ملجأ آمن بعيداً عن النوافذ.,انفجار
566,تحذير: يُرجى عدم استخدام الهواتف المحمولة بالقرب من موقع الانفجار.,انفجار
567,تنبيه: استمع إلى تعليمات السلطات المحلية حول الانفجار.,انفجار
568,تحذير: هناك خطورة من تكرار الانفجارات، ابقَ في حالة تأهب.,انفجار
569,إنذار: احترس من الشظايا المتطايرة بعد الانفجار، وحافظ على سلامتك.,انفجار
570,تحذير: تم إغلاق الطرق حول موقع الانفجار، يُرجى اتباع التعليمات.,انفجار
571,تنبيه: هناك خطر من استنشاق الدخان الناتج عن الانفجار، ابقَ في الداخل.,انفجار
572,تحذير: تواجد الشرطة والإسعاف في موقع الانفجار، لا تتدخل.,انفجار
573,إنذار: تأكد من سلامتك وسلامة عائلتك بعد سماع دوي الانفجار.,انفجار
574,تحذير عاجل: لا تقترب من API الاكتشاف وتحليل الحادث.,انفجار
575,تنبيه: تم الإبلاغ عن أضرار جسيمة نتيجة الانفجار، يجب الإخلاء.,انفجار
576,تحذير: امنح الأولوية لسلامتك، ابق بعيدًا عن المواقع المتضررة.,انفجار
577,إنذار: اتبع التعليمات التي تصدر عن المسؤولين في حالة الانفجار.,انفجار
578,تحذير: استمع إلى التعليمات التي تصدرها وسائل الإعلام المحلية.,انفجار
579,تنبيه: عليك أن تكون حذرًا من الحطام بعد الانفجار، اتخذ احتياطاتك.,انفجار
580,تحذير: لا تحاول التقاط الصور أو التسجيلات بالقرب من الانفجار.,انفجار
581,إنذار: هناك احتمال لمزيد من الانفجارات، يُرجى توخي الحذر.,انفجار
582,تحذير: احتمال قطع الكهرباء والمياه بعد الانفجار، استعد لذلك.,انفجار
583,تنبيه: يُرجى الاتصال بالسلطات للتبلغ عن أي شخص مفقود بعد الانفجار.,انفجار
584,تحذير عاجل: ضع خطة إخلاء في حالة الطوارئ التالية.,انفجار
585,إنذار: تجنب تناول الطعام الملوث أو المشروبات بعد الانفجار.,انفجار
586,تحذير: احرص على حماية أطفالك بعد الانفجار، وابقِ في مكان آمن.,انفجار
587,تنبيه: عُقد اجتماع لمركز الطوارئ لتنسيق الاستجابة للانفجار.,انفجار
588,تحذير: قد تحدث اختناقات مرورية بسبب الانفجار، تجنب القيادة إذا أمكن.,انفجار
589,إنذار: يمكن أن تكون هناك حالات إجلاء بسبب الانفجار، كن مستعدًا.,انفجار
590,تحذير: هناك تفتيشات أمنية حول موقع الانفجار، اتبع التعليمات.,انفجار
591,تنبيه: يستمر التحقيق في أسباب الانفجار، يرجى البقاء في أمان.,انفجار
592,تحذير: تجنب الأسطح المترهلة أو المباني المهدمة بعد الانفجار.,انفجار
593,إنذار: تأكد من أن لديك خطة إجلاء طارئة لعائلتك.,انفجار
594,تحذير عاجل: ربما تحتاج إلى البقاء في ملجأ لفترة من الوقت بعد الانفجار.,انفجار
595,تنبيه: ابحث عن معلومات موثوقة لضمان سلامتك وسلامة أحبابك.,انفجار
596,تحذير: لا تحاول دخول منطقة الانفجار حتى يتم التأكيد على الأمان.,انفجار
597,إنذار: دع السلطات المختصة تتعامل مع الموقف، ابقَ بعيدًا عن الخطر.,انفجار
598,تحذير: تأكد من الاحتفاظ بمستلزمات الطوارئ في متناول اليد.,انفجار
599,تنبيه: كن حذرًا من المعلومات المضللة حول الانفجار، تحقق من المصادر الرسمية.,انفجار
600,تحذير: إذا كنت في موقع الحادث، اتبع التعليمات من رجال الإنقاذ فورًا.,انفجار